HOST,PUBLISHER_APP_INITIALIZATION,SUBSCRIBER_APP_INITIALIZATION_START,SUBSCRIBER_APP_INITIALIZATION_END,GENERATE_OFFER_NONCE_START,GENERATE_OFFER_NONCE_END,FIND_SEND,FIND_RECEIVE,OFFER_SEND,OFFER_RECEIVE,SVCB_SERVICE_REQUEST_SEND,SVCB_SERVICE_REQUEST_RECEIVE,SVCB_SERVICE_RESPONSE_SEND,SVCB_SERVICE_RESPONSE_RECEIVE,VALIDATE_OFFER_START,VALIDATE_OFFER_END,CLIENT_SIGN_START,CLIENT_SIGN_END,SUBSCRIBE_SEND,SUBSCRIBE_RECEIVE,SVCB_CLIENT_REQUEST_SEND,SVCB_CLIENT_REQUEST_RECEIVE,SVCB_CLIENT_RESPONSE_SEND,SVCB_CLIENT_RESPONSE_RECEIVE,TLSA_CLIENT_REQUEST_SEND,TLSA_CLIENT_REQUEST_RECEIVE,TLSA_CLIENT_RESPONSE_SEND,TLSA_CLIENT_RESPONSE_RECEIVE,VERIFY_CLIENT_SIGNATURE_START,VERIFY_CLIENT_SIGNATURE_END,SERVICE_SIGN_START,SERVICE_SIGN_END,SUBSCRIBE_ACK_SEND,SUBSCRIBE_ACK_RECEIVE,TLSA_SERVICE_REQUEST_SEND,TLSA_SERVICE_REQUEST_RECEIVE,TLSA_SERVICE_RESPONSE_SEND,TLSA_SERVICE_RESPONSE_RECEIVE,VERIFY_SERVICE_SIGNATURE_START,VERIFY_SERVICE_SIGNATURE_END
167772162,0,1707572683805304228,1707572683806718238,0,0,1707572683850331322,0,0,1707572683902211087,1707572683810179533,0,0,1707572683814274057,1707572683814294566,1707572683902233829,1707572683906327216,1707572683907364266,1707572683907372258,1707572683912638066,1707572683912656162,0,0,1707572683913855784,1707572683913886716,0,0,1707572683915585753,1707572683916453381,1707572683916720165,1707572683917688556,1707572683919177405,1707572683919179803,1707572683922076908,1707572683814297926,0,0,1707572683818768832,1707572683820232230,1707572683922413087
167772163,0,1707572683806405479,1707572683807392587,0,0,1707572683849080015,0,0,1707572683854413956,1707572683813662701,0,0,1707572683816877347,1707572683816901235,1707572683854443290,1707572683857656331,1707572683859087701,1707572683859099294,1707572683883693167,1707572683883712358,0,0,1707572683883948821,1707572683883965496,0,0,1707572683886193931,1707572683888285457,1707572683888642825,1707572683892893646,1707572683897892898,1707572683897898298,1707572683912648681,1707572683816904672,0,0,1707572683819657934,1707572683820947332,1707572683913048375
167772164,0,1707572683806365759,1707572683807351347,0,0,1707572683840068111,0,0,1707572683846947955,1707572683814282077,0,0,1707572683816789907,1707572683816824762,1707572683846972261,1707572683852100460,1707572683854428556,1707572683854439302,1707572683854637917,1707572683854659095,0,0,1707572683867033064,1707572683867072586,0,0,1707572683871988442,1707572683873569791,1707572683873917549,1707572683874805676,1707572683877209250,1707572683877211936,1707572683891559349,1707572683816827420,0,0,1707572683817258049,1707572683818637757,1707572683891916642
167772165,0,1707572683806195915,1707572683807181912,0,0,1707572683879745209,0,0,1707572683921650561,1707572683810732974,0,0,1707572683814419304,1707572683814453846,1707572683921668254,1707572683929796743,1707572683931306245,1707572683931308854,1707572684036669904,1707572684036677445,0,0,1707572684036737517,1707572684036745063,0,0,1707572684036828536,1707572684036895754,1707572684037037786,1707572684037818432,1707572684038860785,1707572684038864408,1707572684040202889,1707572683814457605,0,0,1707572683817286196,1707572683818563282,1707572684040389974
167772166,0,1707572683806747101,1707572683807751385,0,0,1707572683856436285,0,0,1707572683917506575,1707572683814673417,0,0,1707572683816677314,1707572683816714711,1707572683917529587,1707572683920697900,1707572683921926908,1707572683921935739,1707572683922117991,1707572683922136577,0,0,1707572683923806608,1707572683923827356,0,0,1707572683928306071,1707572683931401133,1707572683931662491,1707572683932422195,1707572683933702443,1707572683933704273,1707572683938999834,1707572683816722225,0,0,1707572683819294862,1707572683820366887,1707572683942076700
167772167,0,1707572683806955252,1707572683808067785,0,0,1707572683834883225,0,0,1707572683836259615,1707572683813091625,0,0,1707572683813825332,1707572683813874644,1707572683836299865,1707572683839660473,1707572683842084572,1707572683842095595,1707572683844004834,1707572683844021971,0,0,1707572683845378040,1707572683845398226,0,0,1707572683845670102,1707572683845906183,1707572683846178126,1707572683847118642,1707572683848516009,1707572683848519089,1707572683850530947,1707572683813879282,0,0,1707572683814386174,1707572683815863224,1707572683851135516
167772168,0,1707572683806308528,1707572683807207932,0,0,1707572683859330569,0,0,1707572683918302124,1707572683813092780,0,0,1707572683813854023,1707572683813879716,1707572683918318675,1707572683922291454,1707572683927606518,1707572683927616707,1707572683997214162,1707572683997236779,0,0,1707572683998206467,1707572683998224547,0,0,1707572683998659618,1707572683998801171,1707572683999141522,1707572683999776417,1707572684000575155,1707572684000575923,1707572684003426041,1707572683813882608,0,0,1707572683817037909,1707572683818570196,1707572684003777667
167772169,0,1707572683806226842,1707572683807195964,0,0,1707572683880727058,0,0,1707572683919162801,1707572683810458617,0,0,1707572683813870383,1707572683813892980,1707572683919175546,1707572683926487668,1707572683931014880,1707572683931024713,1707572684043051597,1707572684043058867,0,0,1707572684043168325,1707572684043176088,0,0,1707572684043256482,1707572684043324985,1707572684043455306,1707572684043982252,1707572684045040840,1707572684045042569,1707572684047158696,1707572683813896613,0,0,1707572683815169534,1707572683816673326,1707572684047457673
167772170,0,1707572683816003196,1707572683817395949,0,0,1707572683888010960,0,0,1707572683920541286,1707572683818100528,0,0,1707572683819418542,1707572683819436396,1707572683920557947,1707572683927848757,1707572683930804759,1707572683930811433,1707572684034440016,1707572684034454792,0,0,1707572684034633149,1707572684034649258,0,0,1707572684034891430,1707572684035021037,1707572684035183289,1707572684035763937,1707572684036546532,1707572684036547400,1707572684037487175,1707572683819439562,0,0,1707572683822420241,1707572683823802256,1707572684037670516
167772171,0,1707572683815510314,1707572683817730587,0,0,1707572683843524196,0,0,1707572683847505764,1707572683818862465,0,0,1707572683819531314,1707572683819551064,1707572683847525785,1707572683850694923,1707572683854557149,1707572683854567496,1707572683875182320,1707572683875198249,0,0,1707572683876469212,1707572683876492949,0,0,1707572683879801549,1707572683881190796,1707572683881621259,1707572683883211701,1707572683885432840,1707572683885435963,1707572683913837377,1707572683819554090,0,0,1707572683821388441,1707572683822763609,1707572683914154873
167772172,0,1707572683810899298,1707572683815152765,0,0,1707572683861628296,0,0,1707572683918519357,1707572683817740372,0,0,1707572683819409709,1707572683819429416,1707572683918535138,1707572683922620288,1707572683924883442,1707572683924889738,1707572684012098643,1707572684012114177,0,0,1707572684012372212,1707572684012385342,0,0,1707572684012579451,1707572684012730763,1707572684012974425,1707572684014473133,1707572684015270827,1707572684015271658,1707572684019272637,1707572683819433297,0,0,1707572683821376864,1707572683822633936,1707572684019668603
167772173,0,1707572683814528569,1707572683815987330,0,0,1707572683894889722,0,0,1707572683920236245,1707572683817253011,0,0,1707572683819376182,1707572683819399908,1707572683920256141,1707572683929390662,1707572683931932103,1707572683931939369,1707572684041342383,1707572684041349804,0,0,1707572684041447987,1707572684041456781,0,0,1707572684041545617,1707572684041612411,1707572684041743857,1707572684042157192,1707572684042922931,1707572684042923709,1707572684044021520,1707572683819403945,0,0,1707572683820724302,1707572683821988394,1707572684044391711
167772174,0,1707572683810682253,1707572683815007591,0,0,1707572683903400503,0,0,1707572683922025533,1707572683816244743,0,0,1707572683816937436,1707572683816957676,1707572683922038008,1707572683927206301,1707572683929454642,1707572683929460874,1707572684040323630,1707572684040334928,0,0,1707572684040407627,1707572684040418793,0,0,1707572684040540106,1707572684040637864,1707572684040856689,1707572684041335838,1707572684042120582,1707572684042121579,1707572684042222298,1707572683816961195,0,0,1707572683819587664,1707572683820881676,1707572684042550173
167772175,0,1707572683810962367,1707572683814716970,0,0,1707572683850523700,0,0,1707572683891232525,1707572683816555053,0,0,1707572683817018846,1707572683817037784,1707572683891254790,1707572683896598635,1707572683898877428,1707572683898886288,1707572683902429758,1707572683902447624,0,0,1707572683904203694,1707572683904226108,0,0,1707572683906476938,1707572683911414435,1707572683911688882,1707572683912532452,1707572683914672527,1707572683914675209,1707572683918429541,1707572683817041981,0,0,1707572683820842965,1707572683822180906,1707572683918784970
167772176,0,1707572683815918081,1707572683817394928,0,0,1707572683831960160,0,0,1707572683833485820,1707572683818612575,0,0,1707572683819542921,1707572683819558823,1707572683833507009,1707572683837061029,1707572683839394311,1707572683839402268,1707572683839943939,1707572683839969808,0,0,1707572683840607232,1707572683840624931,0,0,1707572683841237243,1707572683842465835,1707572683842887598,1707572683843783664,1707572683846094771,1707572683846098307,1707572683847774022,1707572683819561739,0,0,1707572683822527389,1707572683823842998,1707572683848186667
167772177,0,1707572683818160700,1707572683819688111,0,0,1707572683893244562,0,0,1707572683920761574,1707572683820216746,0,0,1707572683820758477,1707572683820776594,1707572683920773761,1707572683930500275,1707572683933422170,1707572683933430642,1707572684047938089,1707572684047950493,0,0,1707572684048035566,1707572684048046598,0,0,1707572684048182619,1707572684048269648,1707572684048515522,1707572684049438073,1707572684050215406,1707572684050216222,1707572684052016938,1707572683820780011,0,0,1707572683822317505,1707572683823618534,1707572684052206848
167772178,0,1707572683822492111,1707572683823610192,0,0,1707572683904301795,0,0,1707572683922441826,1707572683824383721,0,0,1707572683824725153,1707572683824746196,1707572683922454848,1707572683932871829,1707572683935649984,1707572683935660465,1707572684052996622,1707572684053008580,0,0,1707572684053149756,1707572684053165371,0,0,1707572684053358731,1707572684053508453,1707572684053668832,1707572684054127225,1707572684055137889,1707572684055139159,1707572684056609293,1707572683824749351,0,0,1707572683824980778,1707572683826687848,1707572684056786886
167772179,0,1707572683827778027,1707572683828929779,0,0,1707572683920627860,0,0,1707572683922640932,1707572683830108717,0,0,1707572683835498967,1707572683835519340,1707572683922656109,1707572683927914413,1707572683930171318,1707572683930175734,1707572684028665389,1707572684028674850,0,0,1707572684028827747,1707572684028839146,0,0,1707572684028998975,1707572684029129904,1707572684029406243,1707572684030321957,1707572684032237584,1707572684032238927,1707572684035772143,1707572683835522267,0,0,1707572683836981379,1707572683838305092,1707572684036060781
167772180,0,1707572683826127133,1707572683829399282,0,0,1707572683878127952,0,0,1707572683920474609,1707572683832901906,0,0,1707572683833174344,1707572683833194953,1707572683920486841,1707572683923842679,1707572683925295911,1707572683925300703,1707572683990278718,1707572683990303751,0,0,1707572683990476711,1707572683990494757,0,0,1707572683991973365,1707572683992635999,1707572683993090534,1707572683994573858,1707572683998004578,1707572683998007880,1707572684002146366,1707572683833198326,0,0,1707572683833464528,1707572683835021908,1707572684002600469
167772181,0,1707572683826313395,1707572683827353441,0,0,1707572683892853466,0,0,1707572683921406426,1707572683827873035,0,0,1707572683831159891,1707572683831208056,1707572683921421800,1707572683926403882,1707572683928643637,1707572683928649178,1707572684005102808,1707572684005111844,0,0,1707572684005188728,1707572684005199910,0,0,1707572684005341099,1707572684005447255,1707572684005586656,1707572684006881405,1707572684008019442,1707572684008021317,1707572684011029382,1707572683831213487,0,0,1707572683833265141,1707572683834954578,1707572684011276999
167772182,0,1707572683827746082,1707572683828925176,0,0,1707572683922917123,0,0,1707572683938095544,1707572683829624480,0,0,1707572683834143811,1707572683834185246,1707572683938116236,1707572683942846055,1707572683945180993,1707572683945191476,1707572684055530761,1707572684055543258,0,0,1707572684055644218,1707572684055656418,0,0,1707572684055914993,1707572684056017170,1707572684056156615,1707572684056595064,1707572684057478666,1707572684057480093,1707572684059263931,1707572683834190536,0,0,1707572683837112368,1707572683838366736,1707572684059489550
167772183,0,1707572683829416269,1707572683830817427,0,0,1707572683854100009,0,0,1707572683914203004,1707572683831666918,0,0,1707572683834994826,1707572683835012332,1707572683914223495,1707572683917381857,1707572683928142178,1707572683928151330,1707572684008982377,1707572684008996956,0,0,1707572684009510037,1707572684009526472,0,0,1707572684009857363,1707572684010038089,1707572684010192410,1707572684010844744,1707572684011897571,1707572684011899626,1707572684013773944,1707572683835015501,0,0,1707572683837317879,1707572683838551145,1707572684014069787
167772184,0,1707572683827095205,1707572683833546642,0,0,1707572683920156153,0,0,1707572683922002899,1707572683834634469,0,0,1707572683835733627,1707572683835963459,1707572683922029123,1707572683927888254,1707572683929405026,1707572683929408976,1707572684021353757,1707572684021371565,0,0,1707572684021498305,1707572684021510471,0,0,1707572684021732612,1707572684021898103,1707572684022044810,1707572684023552423,1707572684024350092,1707572684024351040,1707572684027222165,1707572683835967192,0,0,1707572683838593468,1707572683840364201,1707572684027420741
167772185,0,1707572683827745910,1707572683830817210,0,0,1707572683911551148,0,0,1707572683921378783,1707572683832036583,0,0,1707572683834994953,1707572683835016052,1707572683921391263,1707572683924975303,1707572683928201536,1707572683928210004,1707572684003409794,1707572684003419906,0,0,1707572684003542756,1707572684003553482,0,0,1707572684003683518,1707572684003852431,1707572684004003399,1707572684004564960,1707572684005340591,1707572684005341753,1707572684008879912,1707572683835019902,0,0,1707572683837127674,1707572683838483184,1707572684009688451
167772186,0,1707572683827725976,1707572683828924998,0,0,1707572683888804345,0,0,1707572683921476148,1707572683830391147,0,0,1707572683835156187,1707572683835174306,1707572683921489369,1707572683927366018,1707572683931067843,1707572683931076054,1707572684045969405,1707572684045979847,0,0,1707572684046154381,1707572684046166689,0,0,1707572684046430110,1707572684046557851,1707572684046707375,1707572684047973414,1707572684048989797,1707572684048992202,1707572684051027097,1707572683835177510,0,0,1707572683837178019,1707572683838531448,1707572684051224166
167772187,0,1707572683830170556,1707572683833544725,0,0,1707572683849465830,0,0,1707572683854728931,1707572683834098689,0,0,1707572683837072484,1707572683837088884,1707572683854742223,1707572683858070270,1707572683859409336,1707572683859417810,1707572683893399333,1707572683893421287,0,0,1707572683896126028,1707572683896146409,0,0,1707572683899277711,1707572683899541591,1707572683900003623,1707572683902395819,1707572683905719172,1707572683905721991,1707572683917726117,1707572683837091242,0,0,1707572683838647493,1707572683840025835,1707572683918120412
167772188,0,1707572683829441243,1707572683830817199,0,0,1707572683870562239,0,0,1707572683918696604,1707572683831262551,0,0,1707572683834982280,1707572683835005858,1707572683918709229,1707572683922289859,1707572683924296875,1707572683924307130,1707572683934704563,1707572683934746055,0,0,1707572683934875359,1707572683934891616,0,0,1707572683935060703,1707572683935289237,1707572683935527176,1707572683936205900,1707572683937367069,1707572683937369131,1707572683944318160,1707572683835008962,0,0,1707572683838454311,1707572683839902375,1707572683944732994
167772189,0,1707572683834973014,1707572683836002951,0,0,1707572683861555436,0,0,1707572683919205029,1707572683836859439,0,0,1707572683838389115,1707572683838410984,1707572683919229003,1707572683923356778,1707572683927856960,1707572683927866324,1707572684002146274,1707572684002170951,0,0,1707572684002327727,1707572684002343550,0,0,1707572684002625941,1707572684002780346,1707572684002930330,1707572684003397622,1707572684004198819,1707572684004199950,1707572684006897439,1707572683838413751,0,0,1707572683838690092,1707572683839899785,1707572684007281163
167772190,0,1707572683834911950,1707572683836064161,0,0,1707572683890053378,0,0,1707572683919921372,1707572683836529865,0,0,1707572683836942619,1707572683836960049,1707572683919936756,1707572683923373493,1707572683925868001,1707572683925878652,1707572684014670947,1707572684014692640,0,0,1707572684014810697,1707572684014823253,0,0,1707572684014960052,1707572684015077389,1707572684015331232,1707572684016309687,1707572684017488602,1707572684017490892,1707572684021305280,1707572683836963064,0,0,1707572683838655702,1707572683839895104,1707572684021638866
167772191,0,1707572683837856905,1707572683838998256,0,0,1707572683902054880,0,0,1707572683922289225,1707572683840087599,0,0,1707572683840501080,1707572683840521896,1707572683922301929,1707572683927147358,1707572683932171463,1707572683932181583,1707572684042203592,1707572684042212034,0,0,1707572684042300461,1707572684042309849,0,0,1707572684042410021,1707572684042497497,1707572684042630134,1707572684043042813,1707572684043931164,1707572684043932407,1707572684044057711,1707572683840524680,0,0,1707572683841454558,1707572683842889510,1707572684044313820
167772192,0,1707572683836389312,1707572683837427086,0,0,1707572683925801395,0,0,1707572683945029724,1707572683838018834,0,0,1707572683838568580,1707572683838584398,1707572683945053220,1707572683948258007,1707572683953291300,1707572683953310618,1707572684056620811,1707572684056633735,0,0,1707572684056713433,1707572684056723971,0,0,1707572684056859743,1707572684056945698,1707572684057201039,1707572684058111732,1707572684060150339,1707572684060151784,1707572684061989795,1707572683838587472,0,0,1707572683838787474,1707572683840185294,1707572684062195374
167772193,0,1707572683839858430,1707572683840925726,0,0,1707572683865568399,0,0,1707572683918505476,1707572683841664374,0,0,1707572683842627586,1707572683842645387,1707572683918524959,1707572683922221591,1707572683924639685,1707572683924649593,1707572683936626929,1707572683936644873,0,0,1707572683936766833,1707572683936781245,0,0,1707572683936959459,1707572683937139432,1707572683937402406,1707572683938068805,1707572683939306010,1707572683939308900,1707572683955152069,1707572683842648682,0,0,1707572683842948003,1707572683844254090,1707572683955492887
167772194,0,1707572683839543199,1707572683840831319,0,0,1707572683891578903,0,0,1707572683920282853,1707572683841252585,0,0,1707572683842622876,1707572683842645773,1707572683920298247,1707572683925918600,1707572683929201128,1707572683929210119,1707572684019314420,1707572684019336186,0,0,1707572684019682827,1707572684019695862,0,0,1707572684019858249,1707572684019969423,1707572684020245110,1707572684021290017,1707572684023505612,1707572684023507671,1707572684027159209,1707572683842648953,0,0,1707572683842881130,1707572683844268903,1707572684027396315
167772195,0,1707572683843295900,1707572683844326116,0,0,1707572683872609190,0,0,1707572683921350408,1707572683847772778,0,0,1707572683849964326,1707572683849992192,1707572683921361601,1707572683926194044,1707572683927450783,1707572683927457535,1707572684025182702,1707572684025194500,0,0,1707572684025276494,1707572684025287560,0,0,1707572684025497906,1707572684025665103,1707572684026083483,1707572684027551238,1707572684028596774,1707572684028598185,1707572684029773347,1707572683849995854,0,0,1707572683850748100,1707572683856526211,1707572684030119985
167772196,0,1707572683845842798,1707572683847705257,0,0,1707572683949686977,0,0,1707572683983479055,1707572683850210546,0,0,1707572683850912458,1707572683850930786,1707572683983495653,1707572683986681354,1707572683990067246,1707572683990077401,1707572684076458685,1707572684076466573,0,0,1707572684076548359,1707572684076558362,0,0,1707572684076690696,1707572684076807966,1707572684076955439,1707572684077376730,1707572684078143034,1707572684078143701,1707572684078250174,1707572683850934087,0,0,1707572683853895717,1707572683870794150,1707572684078542796
167772197,0,1707572683843775500,1707572683844756181,0,0,1707572683902116378,0,0,1707572683921726325,1707572683845518567,0,0,1707572683848696067,1707572683848722111,1707572683921737853,1707572683930274398,1707572683933477020,1707572683933486540,1707572684049474826,1707572684049485066,0,0,1707572684049597251,1707572684049610995,0,0,1707572684049790181,1707572684049912594,1707572684050193362,1707572684050981821,1707572684052961259,1707572684052962998,1707572684055527080,1707572683848725252,0,0,1707572683849015466,1707572683853678393,1707572684055960529
167772198,0,1707572683847759908,1707572683848894516,0,0,1707572683906520883,0,0,1707572683922167919,1707572683849856412,0,0,1707572683851512511,1707572683851533134,1707572683922180848,1707572683931496353,1707572683935467621,1707572683935476989,1707572684050998334,1707572684051006769,0,0,1707572684051092406,1707572684051103204,0,0,1707572684051253329,1707572684051349542,1707572684051524214,1707572684053002874,1707572684053824309,1707572684053825148,1707572684055566191,1707572683851535771,0,0,1707572683857600100,1707572683859104669,1707572684055780029
167772199,0,1707572683848836503,1707572683851182026,0,0,1707572683900710538,0,0,1707572683921267495,1707572683851725767,0,0,1707572683868080017,1707572683868098339,1707572683921285820,1707572683929142022,1707572683931378116,1707572683931384069,1707572684037815589,1707572684037826916,0,0,1707572684037957248,1707572684037970190,0,0,1707572684038250720,1707572684038373210,1707572684038512293,1707572684039008595,1707572684040290837,1707572684040292446,1707572684042214522,1707572683868101042,0,0,1707572683871225941,1707572683874163080,1707572684042530174
167772200,0,1707572683846575231,1707572683849650881,0,0,1707572683941075121,0,0,1707572683983868712,1707572683851580051,0,0,1707572683856241525,1707572683856257653,1707572683983888817,1707572683990354951,1707572683991709551,1707572683991715456,1707572684078231163,1707572684078237684,0,0,1707572684078293532,1707572684078302964,0,0,1707572684078390154,1707572684078472192,1707572684078599336,1707572684079037617,1707572684079796127,1707572684079796749,1707572684080860784,1707572683856260333,0,0,1707572683871789252,1707572683874859782,1707572684081037773
167772201,0,1707572683848333246,1707572683849650659,0,0,1707572683891063071,0,0,1707572683921300035,1707572683850387569,0,0,1707572683854832219,1707572683854856344,1707572683921312655,1707572683924658482,1707572683926064946,1707572683926068738,1707572683955200410,1707572683955222433,0,0,1707572683955835160,1707572683955851755,0,0,1707572683956051203,1707572683956265463,1707572683957780876,1707572683959004279,1707572683961334526,1707572683961338154,1707572683972044415,1707572683854859798,0,0,1707572683870909465,1707572683873723676,1707572683972378697
167772202,0,1707572683851523181,1707572683853277029,0,0,1707572683891784216,0,0,1707572683920371667,1707572683855783767,0,0,1707572683856045285,1707572683856065222,1707572683920385329,1707572683923848845,1707572683927811295,1707572683927819566,1707572683999827158,1707572683999844090,0,0,1707572684000150829,1707572684000164326,0,0,1707572684000343647,1707572684000448947,1707572684000716515,1707572684002135894,1707572684003293697,1707572684003294827,1707572684004643407,1707572683856068262,0,0,1707572683856386962,1707572683869855930,1707572684004832721
167772203,0,1707572683852469634,1707572683853567170,0,0,1707572683938020407,0,0,1707572683983902205,1707572683860983982,0,0,1707572683871427639,1707572683871465397,1707572683983913503,1707572683989442078,1707572683991735625,1707572683991746318,1707572684079039144,1707572684079046887,0,0,1707572684079110681,1707572684079120178,0,0,1707572684079207811,1707572684079285606,1707572684079416545,1707572684080054953,1707572684081195331,1707572684081196114,1707572684083320298,1707572683871469025,0,0,1707572683877298964,1707572683878590188,1707572684083504194
167772204,0,1707572683858614348,1707572683860783427,0,0,1707572683934299347,0,0,1707572683973820887,1707572683861357204,0,0,1707572683868514134,1707572683868546706,1707572683973839089,1707572683977014414,1707572683979321723,1707572683979331243,1707572684062089020,1707572684062099715,0,0,1707572684062182816,1707572684062194629,0,0,1707572684062377599,1707572684062470475,1707572684062710407,1707572684063497726,1707572684065416043,1707572684065417567,1707572684067869176,1707572683868549560,0,0,1707572683871164253,1707572683873576985,1707572684068084925
167772205,0,1707572683856101346,1707572683857178171,0,0,1707572683905131081,0,0,1707572683926942202,1707572683863762937,0,0,1707572683872046512,1707572683872067267,1707572683926959912,1707572683932845127,1707572683935961907,1707572683935972746,1707572684054140113,1707572684054149656,0,0,1707572684054285920,1707572684054301415,0,0,1707572684054808679,1707572684054907093,1707572684055064098,1707572684055518679,1707572684056341957,1707572684056342802,1707572684058119854,1707572683872070334,0,0,1707572683876801634,1707572683878093374,1707572684058460009
167772206,0,1707572683854163027,1707572683855318418,0,0,1707572683906679577,0,0,1707572683921064885,1707572683858213807,0,0,1707572683868319146,1707572683868333396,1707572683921077812,1707572683924610520,1707572683927009306,1707572683927017474,1707572683983487220,1707572683983508823,0,0,1707572683984542272,1707572683984557969,0,0,1707572683984762796,1707572683984924129,1707572683985188110,1707572683986960061,1707572683988719341,1707572683988723712,1707572683990448865,1707572683868335669,0,0,1707572683875854320,1707572683877063750,1707572683990829511
167772207,0,1707572683852311930,1707572683853688726,0,0,1707572683953950665,0,0,1707572683993671982,1707572683868893544,0,0,1707572683874183141,1707572683874199091,1707572683993694039,1707572683997012234,1707572683998650760,1707572683998662377,1707572684085771175,1707572684085788867,0,0,1707572684085961153,1707572684085974226,0,0,1707572684086207281,1707572684086343543,1707572684086597394,1707572684087359017,1707572684089451401,1707572684089453486,1707572684093087168,1707572683874201596,0,0,1707572683880089564,1707572683881659617,1707572684093276481
167772208,0,1707572683856677413,1707572683857792047,0,0,1707572683871304087,0,0,1707572683918929550,1707572683858498094,0,0,1707572683868024797,1707572683868037850,1707572683918946222,1707572683922093995,1707572683928873124,1707572683928882788,1707572684010817732,1707572684010835028,0,0,1707572684010952659,1707572684010968570,0,0,1707572684011157222,1707572684011266077,1707572684011416434,1707572684012007869,1707572684013115518,1707572684013118144,1707572684016364351,1707572683868040825,0,0,1707572683872970493,1707572683874135142,1707572684016636759
167772209,0,1707572683853655241,1707572683855889731,0,0,1707572683886454714,0,0,1707572683919285707,1707572683856591459,0,0,1707572683867905067,1707572683867925194,1707572683919297854,1707572683922467646,1707572683927106848,1707572683927115095,1707572683973854157,1707572683973872444,0,0,1707572683975495496,1707572683975524200,0,0,1707572683977431619,1707572683977567685,1707572683977826767,1707572683978724971,1707572683980320893,1707572683980323397,1707572683984926891,1707572683867928148,0,0,1707572683878766288,1707572683880536949,1707572683985382114
167772210,0,1707572683861450837,1707572683863269997,0,0,1707572683930900816,0,0,1707572683963418665,1707572683864408519,0,0,1707572683868535918,1707572683868550710,1707572683963435531,1707572683966574405,1707572683968821441,1707572683968829265,1707572684060182862,1707572684060191949,0,0,1707572684060314108,1707572684060325219,0,0,1707572684060458672,1707572684060575544,1707572684060719113,1707572684061148002,1707572684061938806,1707572684061939702,1707572684062092393,1707572683868553095,0,0,1707572683872723854,1707572683873940896,1707572684062647657
167772211,0,1707572683857303459,1707572683858397964,0,0,1707572683894036495,0,0,1707572683920151604,1707572683858945522,0,0,1707572683868107823,1707572683868120252,1707572683920164413,1707572683924509689,1707572683926765645,1707572683926771284,1707572683966395805,1707572683966419833,0,0,1707572683967592091,1707572683967610082,0,0,1707572683969464454,1707572683969824923,1707572683970152116,1707572683971232485,1707572683973232515,1707572683973234873,1707572683981515507,1707572683868122401,0,0,1707572683874015155,1707572683875265131,1707572683981832449
167772212,0,1707572683859546040,1707572683864025707,0,0,1707572683932545865,0,0,1707572683963338966,1707572683864488138,0,0,1707572683873874659,1707572683873895496,1707572683963358348,1707572683966709686,1707572683969882531,1707572683969892762,1707572684061153058,1707572684061162722,0,0,1707572684061256359,1707572684061266992,0,0,1707572684061401690,1707572684061491953,1707572684061628478,1707572684062075572,1707572684063063895,1707572684063064922,1707572684063512181,1707572683873898539,0,0,1707572683875319412,1707572683878105373,1707572684063699981
167772213,0,1707572683867239768,1707572683868423713,0,0,1707572683902964714,0,0,1707572683920868123,1707572683869588345,0,0,1707572683870678857,1707572683870696750,1707572683920881461,1707572683924513767,1707572683926764747,1707572683926770039,1707572683960095563,1707572683960127225,0,0,1707572683960430193,1707572683960453118,0,0,1707572683961475062,1707572683961594127,1707572683962153565,1707572683963334362,1707572683968109887,1707572683968111956,1707572683974083401,1707572683870700338,0,0,1707572683872077160,1707572683873362532,1707572683974565154
167772214,0,1707572683862223050,1707572683863457776,0,0,1707572683920400218,0,0,1707572683922293563,1707572683865548035,0,0,1707572683870297409,1707572683870322169,1707572683922303633,1707572683925491997,1707572683930936914,1707572683930945592,1707572684035762487,1707572684035772718,0,0,1707572684035844082,1707572684035854916,0,0,1707572684035958762,1707572684036057541,1707572684036207893,1707572684036663701,1707572684037784958,1707572684037786450,1707572684040197143,1707572683870326938,0,0,1707572683870615551,1707572683873754448,1707572684040487477
167772215,0,1707572683862861620,1707572683864017778,0,0,1707572683941574418,0,0,1707572683983867681,1707572683864968640,0,0,1707572683870291037,1707572683870309376,1707572683983880379,1707572683990441832,1707572683992719318,1707572683992728052,1707572684081214432,1707572684081222379,0,0,1707572684081302894,1707572684081308439,0,0,1707572684081388087,1707572684081440843,1707572684081578805,1707572684082208772,1707572684082973986,1707572684082974914,1707572684084228261,1707572683870312674,0,0,1707572683873891764,1707572683875201899,1707572684084538299
167772216,0,1707572683869502786,1707572683870562946,0,0,1707572683919307447,0,0,1707572683921525393,1707572683873359279,0,0,1707572683878305036,1707572683878339565,1707572683921542416,1707572683924665118,1707572683925675935,1707572683925679904,1707572683945505613,1707572683945526279,0,0,1707572683945673708,1707572683945847886,0,0,1707572683947240159,1707572683948478700,1707572683952577645,1707572683954588008,1707572683955710782,1707572683955712978,1707572683963909508,1707572683878345387,0,0,1707572683880124991,1707572683881661799,1707572683964903075
167772217,0,1707572683863753227,1707572683865057759,0,0,1707572683900639732,0,0,1707572683920510744,1707572683865499557,0,0,1707572683870681268,1707572683870698062,1707572683920528828,1707572683927976422,1707572683932681507,1707572683932690331,1707572684044105113,1707572684044117274,0,0,1707572684044238002,1707572684044250577,0,0,1707572684044615645,1707572684044833239,1707572684045134777,1707572684045962581,1707572684047896170,1707572684047897416,1707572684051017813,1707572683870700657,0,0,1707572683874503463,1707572683875755129,1707572684051307432
167772218,0,1707572683865349557,1707572683866666754,0,0,1707572683880245651,0,0,1707572683921310204,1707572683867719282,0,0,1707572683870131124,1707572683870154899,1707572683921327167,1707572683924549325,1707572683929702248,1707572683929709994,1707572684032271632,1707572684032282187,0,0,1707572684032374246,1707572684032386728,0,0,1707572684032673528,1707572684032775073,1707572684033015539,1707572684034446756,1707572684035680187,1707572684035681434,1707572684037509029,1707572683870158534,0,0,1707572683871928967,1707572683873795809,1707572684037696137
167772219,0,1707572683873957113,1707572683877791625,0,0,1707572683918225666,0,0,1707572683921560660,1707572683878825269,0,0,1707572683881400155,1707572683881421786,1707572683921573280,1707572683927868352,1707572683930101123,1707572683930105458,1707572684027547008,1707572684027560634,0,0,1707572684027680530,1707572684027693152,0,0,1707572684027907515,1707572684028026619,1707572684028227148,1707572684028655544,1707572684029642515,1707572684029644122,1707572684030349039,1707572683881425077,0,0,1707572683881779156,1707572683883458709,1707572684030553404
167772220,0,1707572683870789890,1707572683875835746,0,0,1707572683915395910,0,0,1707572683921448811,1707572683877038493,0,0,1707572683878689654,1707572683878715449,1707572683921464595,1707572683925378723,1707572683926786575,1707572683926790010,1707572683971874434,1707572683971897718,0,0,1707572683972072940,1707572683972090241,0,0,1707572683972369131,1707572683972575215,1707572683972878017,1707572683973840516,1707572683976125181,1707572683976127773,1707572683983305899,1707572683878719452,0,0,1707572683880659863,1707572683882066792,1707572683983680975
167772221,0,1707572683885839144,1707572683886841955,0,0,1707572683900361699,0,0,1707572683920303129,1707572683897122163,0,0,1707572683901788666,1707572683901804900,1707572683920324309,1707572683923516983,1707572683927292740,1707572683927301387,1707572684030337911,1707572684030350807,0,0,1707572684030448914,1707572684030461306,0,0,1707572684030610417,1707572684030724701,1707572684030970258,1707572684032272954,1707572684034391927,1707572684034394026,1707572684036700014,1707572683901808341,0,0,1707572683910698865,1707572683912010600,1707572684037025442
167772222,0,1707572683884474093,1707572683885532305,0,0,1707572683967992371,0,0,1707572684007830528,1707572683899605095,0,0,1707572683900510127,1707572683900527739,1707572684007848695,1707572684010984744,1707572684014508535,1707572684014517790,1707572684096250198,1707572684096260739,0,0,1707572684096425021,1707572684096436533,0,0,1707572684096745119,1707572684096838666,1707572684097071635,1707572684098221434,1707572684100111226,1707572684100112516,1707572684103452246,1707572683900530651,0,0,1707572683900784352,1707572683904427545,1707572684103598404
167772223,0,1707572683870242823,1707572683871833391,0,0,1707572683900746394,0,0,1707572683921315444,1707572683882561936,0,0,1707572683882998906,1707572683883032036,1707572683921327970,1707572683924481589,1707572683929350628,1707572683929358686,1707572684023551752,1707572684023566265,0,0,1707572684023684007,1707572684023696866,0,0,1707572684023888845,1707572684024002035,1707572684024247568,1707572684025169574,1707572684027508304,1707572684027510374,1707572684029733144,1707572683883036099,0,0,1707572683883944726,1707572683885862221,1707572684029980321
167772224,0,1707572683868312806,1707572683869486818,0,0,1707572683889040282,0,0,1707572683919419029,1707572683870573787,0,0,1707572683876643642,1707572683876690755,1707572683919436657,1707572683924057181,1707572683925439565,1707572683925446499,1707572683939365493,1707572683939383542,0,0,1707572683940618699,1707572683940639880,0,0,1707572683942786564,1707572683942945567,1707572683943265368,1707572683945463933,1707572683951688210,1707572683951691329,1707572683959568540,1707572683876695094,0,0,1707572683880003253,1707572683881150094,1707572683959960291
167772225,0,1707572683873396615,1707572683874523475,0,0,1707572683962977094,0,0,1707572683994325983,1707572683876755059,0,0,1707572683879015802,1707572683879049997,1707572683994343224,1707572683999617369,1707572684000522628,1707572684000531384,1707572684087384347,1707572684087392996,0,0,1707572684087467401,1707572684087478277,0,0,1707572684087602278,1707572684087682465,1707572684087821716,1707572684089507710,1707572684091573132,1707572684091574444,1707572684093862551,1707572683879053708,0,0,1707572683879793380,1707572683880996116,1707572684094035816
167772226,0,1707572683873953572,1707572683874854220,0,0,1707572683938190700,0,0,1707572683984115587,1707572683875747479,0,0,1707572683885365732,1707572683885380031,1707572683984130678,1707572683992127528,1707572683994523581,1707572683994534992,1707572684082209576,1707572684082216836,0,0,1707572684082342600,1707572684082347548,0,0,1707572684082416846,1707572684082462574,1707572684082681469,1707572684083305427,1707572684084069868,1707572684084070596,1707572684084432606,1707572683885382815,0,0,1707572683888040240,1707572683899505054,1707572684084685597
167772227,0,1707572683875318251,1707572683876418490,0,0,1707572683904906007,0,0,1707572683921018707,1707572683876786420,0,0,1707572683885257915,1707572683885280441,1707572683921032170,1707572683924583666,1707572683926840843,1707572683926846942,1707572684016443348,1707572684016460519,0,0,1707572684016745203,1707572684016760835,0,0,1707572684017938926,1707572684018155622,1707572684018413091,1707572684019266967,1707572684020111005,1707572684020111918,1707572684022539567,1707572683885283853,0,0,1707572683886223510,1707572683887517113,1707572684022777487
167772228,0,1707572683875455880,1707572683877290142,0,0,1707572683968833503,0,0,1707572684008678147,1707572683878054374,0,0,1707572683885896891,1707572683885915777,1707572684008688921,1707572684011808826,1707572684012804476,1707572684012811228,1707572684094308530,1707572684094319590,0,0,1707572684094402077,1707572684094412893,0,0,1707572684094547111,1707572684094642462,1707572684094879547,1707572684096251346,1707572684098190057,1707572684098191350,1707572684101922130,1707572683885919428,0,0,1707572683897697632,1707572683899516279,1707572684102104707
167772229,0,1707572683880321584,1707572683881655035,0,0,1707572683980037809,0,0,1707572684014454208,1707572683883300651,0,0,1707572683886060213,1707572683886079232,1707572684014470486,1707572684018155620,1707572684019573048,1707572684019579818,1707572684104051432,1707572684104061641,0,0,1707572684104239305,1707572684104249794,0,0,1707572684104383974,1707572684104476651,1707572684104710307,1707572684105996343,1707572684107853785,1707572684107854929,1707572684110492665,1707572683886082525,0,0,1707572683898685998,1707572683899978315,1707572684110787195
167772230,0,1707572683884461803,1707572683885525668,0,0,1707572683947926290,0,0,1707572683983171421,1707572683886667655,0,0,1707572683895560103,1707572683895584960,1707572683983189445,1707572683987423156,1707572683989674154,1707572683989682778,1707572684071748363,1707572684071767010,0,0,1707572684071898775,1707572684071913271,0,0,1707572684072084364,1707572684072246976,1707572684072533154,1707572684073353574,1707572684075293258,1707572684075294864,1707572684077388742,1707572683895588750,0,0,1707572683899650062,1707572683902609658,1707572684077678294
167772231,0,1707572683896279927,1707572683897284675,0,0,1707572683937810134,0,0,1707572683978599315,1707572683898385596,0,0,1707572683898952390,1707572683898971583,1707572683978618464,1707572683982207254,1707572683984046043,1707572683984052916,1707572684063519071,1707572684063528475,0,0,1707572684063687211,1707572684063698304,0,0,1707572684063842721,1707572684063936107,1707572684064137033,1707572684065493754,1707572684066385317,1707572684066386525,1707572684067938797,1707572683898975362,0,0,1707572683900451835,1707572683901824292,1707572684068235293
167772232,0,1707572683880096125,1707572683881676889,0,0,1707572683946144643,0,0,1707572683983120752,1707572683882846495,0,0,1707572683883544561,1707572683883560643,1707572683983138268,1707572683986309307,1707572683988589569,1707572683988596211,1707572684066873743,1707572684066886609,0,0,1707572684066991656,1707572684067004238,0,0,1707572684067166257,1707572684067269227,1707572684067412895,1707572684067856784,1707572684068621395,1707572684068622198,1707572684070373536,1707572683883563617,0,0,1707572683884153839,1707572683885519393,1707572684070701983
167772233,0,1707572683886781013,1707572683888048671,0,0,1707572683972396642,0,0,1707572684012093132,1707572683897426150,0,0,1707572683899278597,1707572683899295338,1707572684012104437,1707572684015234952,1707572684016562172,1707572684016568440,1707572684100138122,1707572684100147920,0,0,1707572684100465766,1707572684100481344,0,0,1707572684100789791,1707572684100898554,1707572684101132531,1707572684102108581,1707572684104023304,1707572684104024631,1707572684107658151,1707572683899298605,0,0,1707572683901490024,1707572683902795850,1707572684107846809
167772234,0,1707572683887213645,1707572683888780260,0,0,1707572683980497399,0,0,1707572684019257417,1707572683889839400,0,0,1707572683898675061,1707572683898701476,1707572684019274550,1707572684022471720,1707572684023451531,1707572684023455285,1707572684105993997,1707572684106003778,0,0,1707572684106200682,1707572684106211128,0,0,1707572684106483280,1707572684106572161,1707572684106796084,1707572684107882790,1707572684109393972,1707572684109394927,1707572684110498279,1707572683898705684,0,0,1707572683899295863,1707572683900621264,1707572684110792396
167772235,0,1707572683888812851,1707572683894725759,0,0,1707572683948749626,0,0,1707572683983646722,1707572683900508593,0,0,1707572683910248643,1707572683910268346,1707572683983661509,1707572683986814905,1707572683988885368,1707572683988894051,1707572684067934174,1707572684067947458,0,0,1707572684068010126,1707572684068020330,0,0,1707572684068141723,1707572684068217289,1707572684068462893,1707572684069245048,1707572684071538500,1707572684071541317,1707572684074349430,1707572683910271635,0,0,1707572683914255449,1707572683915490887,1707572684074539786
167772236,0,1707572683892631424,1707572683907055412,0,0,1707572684005621886,0,0,1707572684043058430,1707572683909322246,0,0,1707572683913302205,1707572683913321793,1707572684043069390,1707572684046186146,1707572684046969295,1707572684046970544,1707572684122269527,1707572684122278893,0,0,1707572684122333593,1707572684122342003,0,0,1707572684122462573,1707572684122581118,1707572684122723006,1707572684123073474,1707572684124011434,1707572684124012259,1707572684124883804,1707572683913324449,0,0,1707572683916795583,1707572683918013424,1707572684125160307
167772237,0,1707572683896021585,1707572683913243203,0,0,1707572684005642913,0,0,1707572684044045920,1707572683915153449,0,0,1707572683915377772,1707572683915396323,1707572684044081064,1707572684047222077,1707572684049471193,1707572684049476715,1707572684124029659,1707572684124036337,0,0,1707572684124085627,1707572684124093226,0,0,1707572684124192619,1707572684124298773,1707572684124416569,1707572684124745456,1707572684125456137,1707572684125456863,1707572684125512450,1707572683915398906,0,0,1707572683916367860,1707572683917639203,1707572684125735241
167772238,0,1707572683895974344,1707572683913080219,0,0,1707572683972874838,0,0,1707572684013611181,1707572683914821277,0,0,1707572683917503786,1707572683917528065,1707572684013628498,1707572684016758386,1707572684017673582,1707572684017679202,1707572684102107785,1707572684102117882,0,0,1707572684102189672,1707572684102201434,0,0,1707572684102329989,1707572684102418290,1707572684102638668,1707572684104053678,1707572684105965414,1707572684105966548,1707572684109620764,1707572683917531292,0,0,1707572683917951415,1707572683922236034,1707572684109919521
167772239,0,1707572683893274676,1707572683896227620,0,0,1707572683926991043,0,0,1707572683958743633,1707572683902904166,0,0,1707572683913405986,1707572683913420158,1707572683958767621,1707572683961950533,1707572683968466832,1707572683968476685,1707572684058117991,1707572684058129860,0,0,1707572684058258077,1707572684058272467,0,0,1707572684058464648,1707572684058605104,1707572684058773249,1707572684060220619,1707572684060985946,1707572684060986859,1707572684062056283,1707572683913422336,0,0,1707572683915222906,1707572683917177052,1707572684062395870
167772240,0,1707572683893044949,1707572683895380988,0,0,1707572683994048470,0,0,1707572684036678318,1707572683897003518,0,0,1707572683902480056,1707572683902500743,1707572684036690502,1707572684039787297,1707572684040942567,1707572684040945125,1707572684118040886,1707572684118048054,0,0,1707572684118116742,1707572684118125339,0,0,1707572684118232590,1707572684118300345,1707572684118436952,1707572684119569501,1707572684120190931,1707572684120191732,1707572684120347183,1707572683902504502,0,0,1707572683902919041,1707572683906314962,1707572684120632821
167772241,0,1707572683893687894,1707572683894668670,0,0,1707572683910161698,0,0,1707572683922839245,1707572683896650556,0,0,1707572683911211517,1707572683911225767,1707572683922857011,1707572683925993672,1707572683928686436,1707572683928695507,1707572684007120540,1707572684007137182,0,0,1707572684007348918,1707572684007400775,0,0,1707572684007625679,1707572684007843584,1707572684008147130,1707572684008825729,1707572684009964685,1707572684009966396,1707572684012021733,1707572683911229166,0,0,1707572683915212429,1707572683917249614,1707572684013341886
167772242,0,1707572683896534910,1707572683897488527,0,0,1707572683961247432,0,0,1707572683991282741,1707572683905992872,0,0,1707572683913738585,1707572683913762675,1707572683991308724,1707572683994501630,1707572683995642278,1707572683995660693,1707572684083314794,1707572684083324348,0,0,1707572684083454184,1707572684083464503,0,0,1707572684083599842,1707572684083692168,1707572684083893927,1707572684084410167,1707572684085701616,1707572684085719653,1707572684088308636,1707572683913766020,0,0,1707572683915520942,1707572683916706965,1707572684088494933
167772243,0,1707572683901744156,1707572683904086665,0,0,1707572683938681948,0,0,1707572683983903276,1707572683904580363,0,0,1707572683911320266,1707572683911335026,1707572683983915726,1707572683989620986,1707572683991909961,1707572683991919126,1707572684080059264,1707572684080065161,0,0,1707572684080186173,1707572684080192928,0,0,1707572684080252553,1707572684080303379,1707572684080427506,1707572684081219802,1707572684082186166,1707572684082187095,1707572684084153754,1707572683911337324,0,0,1707572683917561184,1707572683918743185,1707572684084331855
167772244,0,1707572683895707794,1707572683897079228,0,0,1707572683909518519,0,0,1707572683921871105,1707572683898686677,0,0,1707572683899161011,1707572683899178468,1707572683921884601,1707572683929323260,1707572683931578148,1707572683931584850,1707572684039038627,1707572684039049590,0,0,1707572684039197663,1707572684039212093,0,0,1707572684039474031,1707572684039571998,1707572684039723546,1707572684040321920,1707572684041090049,1707572684041090825,1707572684042224989,1707572683899181685,0,0,1707572683901800448,1707572683903619674,1707572684042493746
167772245,0,1707572683893279612,1707572683899252198,0,0,1707572683948656739,0,0,1707572683983335620,1707572683899867715,0,0,1707572683900590735,1707572683900607636,1707572683983353545,1707572683986492638,1707572683991500444,1707572683991509727,1707572684077385689,1707572684077393790,0,0,1707572684077468927,1707572684077477323,0,0,1707572684077586186,1707572684077663236,1707572684077800631,1707572684078222702,1707572684079010185,1707572684079011130,1707572684080855002,1707572683900610811,0,0,1707572683904602064,1707572683912158046,1707572684081143782
167772246,0,1707572683906191801,1707572683907443820,0,0,1707572683941020449,0,0,1707572683982955127,1707572683909072565,0,0,1707572683912208960,1707572683912223969,1707572683982975012,1707572683986150779,1707572683987339243,1707572683987344396,1707572684065458667,1707572684065469822,0,0,1707572684065544643,1707572684065554192,0,0,1707572684065675973,1707572684065766217,1707572684066021958,1707572684066859840,1707572684067632054,1707572684067632869,1707572684069262036,1707572683912226649,0,0,1707572683914166798,1707572683916457510,1707572684069569725
167772247,0,1707572683920105364,1707572683927121838,0,0,1707572683955520254,0,0,1707572683991418773,1707572683928552553,0,0,1707572683930088385,1707572683930104478,1707572683991436084,1707572683994878775,1707572683997581879,1707572683997591634,1707572684084429484,1707572684084436547,0,0,1707572684084503990,1707572684084514672,0,0,1707572684084643199,1707572684084724431,1707572684084916734,1707572684085770699,1707572684086554458,1707572684086555335,1707572684088282366,1707572683930107726,0,0,1707572683932097148,1707572683934257840,1707572684088585229
167772248,0,1707572683906271448,1707572683907463774,0,0,1707572684008654483,0,0,1707572684049488102,1707572683908072672,0,0,1707572683913143052,1707572683913200358,1707572684049500294,1707572684052661788,1707572684055351827,1707572684055358500,1707572684127200765,1707572684127211040,0,0,1707572684127458864,1707572684127467946,0,0,1707572684127609902,1707572684127692118,1707572684127917988,1707572684128610186,1707572684129350575,1707572684129351378,1707572684129469871,1707572683913203484,0,0,1707572683915714280,1707572683918419763,1707572684129735660
167772249,0,1707572683917016020,1707572683917798314,0,0,1707572684011140751,0,0,1707572684054145279,1707572683922519683,0,0,1707572683928704358,1707572683928720567,1707572684054163414,1707572684057374801,1707572684058641156,1707572684058645765,1707572684130790375,1707572684130798806,0,0,1707572684130898486,1707572684130908267,0,0,1707572684131026857,1707572684131131383,1707572684131278442,1707572684131600970,1707572684132215577,1707572684132216183,1707572684132299492,1707572683928723072,0,0,1707572683931418485,1707572683934212118,1707572684132603231
167772250,0,1707572683906336078,1707572683907425427,0,0,1707572683938991083,0,0,1707572683984625653,1707572683909072565,0,0,1707572683913871833,1707572683913889364,1707572683984638514,1707572683989501347,1707572683990562863,1707572683990570709,1707572684073367310,1707572684073377185,0,0,1707572684073465554,1707572684073477265,0,0,1707572684073642885,1707572684073734694,1707572684073879825,1707572684075370064,1707572684076436796,1707572684076437782,1707572684078226173,1707572683913891911,0,0,1707572683915120774,1707572683916385069,1707572684078484444
167772251,0,1707572683916680019,1707572683917769856,0,0,1707572683987170691,0,0,1707572684028665525,1707572683918503582,0,0,1707572683929858682,1707572683929873940,1707572684028678647,1707572684031829183,1707572684032624965,1707572684032627156,1707572684112707998,1707572684112717167,0,0,1707572684112811796,1707572684112821337,0,0,1707572684112978796,1707572684113103346,1707572684113224691,1707572684113553336,1707572684114187947,1707572684114188608,1707572684114337072,1707572683929876350,0,0,1707572683930544083,1707572683932635482,1707572684114625325
167772252,0,1707572683919069643,1707572683919927206,0,0,1707572683984960633,0,0,1707572684025070162,1707572683926734466,0,0,1707572683930689687,1707572683930706569,1707572684025082816,1707572684028231106,1707572684029489734,1707572684029494133,1707572684110689898,1707572684110698618,0,0,1707572684110826749,1707572684110837127,0,0,1707572684111068942,1707572684111174387,1707572684111333001,1707572684111719110,1707572684112467492,1707572684112468088,1707572684112557293,1707572683930709709,0,0,1707572683933626092,1707572683935280222,1707572684112829441
167772253,0,1707572683911406736,1707572683912876991,0,0,1707572684005390891,0,0,1707572684042209428,1707572683913275416,0,0,1707572683914127974,1707572683914144603,1707572684042220616,1707572684045310098,1707572684047329050,1707572684047331987,1707572684123079539,1707572684123086497,0,0,1707572684123140068,1707572684123147774,0,0,1707572684123250111,1707572684123355001,1707572684123483640,1707572684124030301,1707572684124647965,1707572684124648759,1707572684124880416,1707572683914147816,0,0,1707572683917497175,1707572683918846276,1707572684125057077
167772254,0,1707572683923805473,1707572683930058734,0,0,1707572683952661733,0,0,1707572683983867976,1707572683931410185,0,0,1707572683934241040,1707572683934261927,1707572683983880832,1707572683988362561,1707572683991233275,1707572683991243350,1707572684075330323,1707572684075343899,0,0,1707572684075428642,1707572684075439371,0,0,1707572684075580909,1707572684075715901,1707572684075905287,1707572684076461427,1707572684077225706,1707572684077226556,1707572684078196200,1707572683934265396,0,0,1707572683934661466,1707572683937213892,1707572684078483812
167772255,0,1707572683916929821,1707572683919875113,0,0,1707572683963297443,0,0,1707572684002147586,1707572683920348903,0,0,1707572683929955068,1707572683929968884,1707572684002166091,1707572684005321600,1707572684009799430,1707572684009809184,1707572684092996264,1707572684093007547,0,0,1707572684093072924,1707572684093082878,0,0,1707572684093210986,1707572684093288484,1707572684093524359,1707572684094290001,1707572684096219862,1707572684096221200,1707572684099769273,1707572683929971537,0,0,1707572683932735907,1707572683933992683,1707572684099937043
167772256,0,1707572683916071296,1707572683917607395,0,0,1707572683949262569,0,0,1707572683983419163,1707572683926259282,0,0,1707572683927958308,1707572683927977284,1707572683983439201,1707572683986609877,1707572683989090648,1707572683989099871,1707572684069249012,1707572684069256362,0,0,1707572684069323114,1707572684069333801,0,0,1707572684069464948,1707572684069544298,1707572684069708128,1707572684071756234,1707572684072611882,1707572684072612982,1707572684074366126,1707572683927980674,0,0,1707572683929173140,1707572683933666599,1707572684074650417
167772257,0,1707572683914581293,1707572683915734114,0,0,1707572683985210641,0,0,1707572684028695452,1707572683920073385,0,0,1707572683920613482,1707572683920634586,1707572684028706784,1707572684031844084,1707572684034082715,1707572684034087762,1707572684113600189,1707572684113608792,0,0,1707572684113675179,1707572684113684786,0,0,1707572684113798470,1707572684113915830,1707572684114071528,1707572684114418585,1707572684115141173,1707572684115141839,1707572684115211437,1707572683920638739,0,0,1707572683921978581,1707572683924273297,1707572684115475991
167772258,0,1707572683918501113,1707572683919603065,0,0,1707572683991851212,0,0,1707572684033934779,1707572683929540061,0,0,1707572683930438953,1707572683930453431,1707572684033949130,1707572684037070057,1707572684038208671,1707572684038210532,1707572684115169781,1707572684115174585,0,0,1707572684115270589,1707572684115279086,0,0,1707572684115385595,1707572684115450376,1707572684115592499,1707572684116951594,1707572684117576095,1707572684117576721,1707572684117785686,1707572683930456826,0,0,1707572683932473780,1707572683935426981,1707572684117987749
167772259,0,1707572683936687133,1707572683937911825,0,0,1707572683987411937,0,0,1707572684030313817,1707572683939793668,0,0,1707572683941253806,1707572683941276948,1707572684030324229,1707572684033793943,1707572684035005365,1707572684035011517,1707572684114426839,1707572684114435113,0,0,1707572684114491467,1707572684114500410,0,0,1707572684114611713,1707572684114681068,1707572684114797845,1707572684115163349,1707572684116780961,1707572684116782291,1707572684117769483,1707572683941280119,0,0,1707572683941594264,1707572683943491789,1707572684118062464
167772260,0,1707572683934562948,1707572683935770750,0,0,1707572684012275216,0,0,1707572684056592441,1707572683937156334,0,0,1707572683937533015,1707572683937552988,1707572684056604773,1707572684059727754,1707572684060507711,1707572684060508837,1707572684131604688,1707572684131609516,0,0,1707572684131666860,1707572684131676187,0,0,1707572684131787372,1707572684131858881,1707572684131956293,1707572684132263240,1707572684132909779,1707572684132910287,1707572684133055524,1707572683937556541,0,0,1707572683938434821,1707572683941150171,1707572684133211050
167772261,0,1707572683943772128,1707572683945058874,0,0,1707572683993703264,0,0,1707572684035760100,1707572683945544191,0,0,1707572683946491160,1707572683946504401,1707572684035769787,1707572684038861337,1707572684040069497,1707572684040074164,1707572684116813962,1707572684116824636,0,0,1707572684116880788,1707572684116888557,0,0,1707572684116996936,1707572684117097123,1707572684117323198,1707572684118010183,1707572684119412551,1707572684119413908,1707572684120352330,1707572683946506624,0,0,1707572683950814225,1707572683952254769,1707572684120528896
167772262,0,1707572683937145617,1707572683938008159,0,0,1707572683965662965,0,0,1707572684004463867,1707572683943592307,0,0,1707572683946161942,1707572683946185230,1707572684004475273,1707572684007570627,1707572684008760081,1707572684008764681,1707572684091607532,1707572684091618568,0,0,1707572684091731558,1707572684091741774,0,0,1707572684091876855,1707572684091955035,1707572684092197136,1707572684092969563,1707572684093779982,1707572684093780792,1707572684094307055,1707572683946188594,0,0,1707572683947530211,1707572683953522445,1707572684094591223
167772263,0,1707572683942579837,1707572683943600590,0,0,1707572684034044488,0,0,1707572684076481380,1707572683946188042,0,0,1707572683950555792,1707572683950576472,1707572684076492101,1707572684079565992,1707572684081576658,1707572684081579760,1707572684149613289,1707572684149622428,0,0,1707572684149686789,1707572684149695615,0,0,1707572684149807233,1707572684149933363,1707572684150118146,1707572684151368741,1707572684151995603,1707572684151996297,1707572684152167498,1707572683950579826,0,0,1707572683954551004,1707572683957661573,1707572684152468835
167772264,0,1707572683937876667,1707572683940111663,0,0,1707572684038480453,0,0,1707572684077395377,1707572683943586045,0,0,1707572683946400394,1707572683946418104,1707572684077407738,1707572684080478198,1707572684081270463,1707572684081271994,1707572684148303156,1707572684148312971,0,0,1707572684148367159,1707572684148375144,0,0,1707572684148480320,1707572684148545778,1707572684148762668,1707572684149483704,1707572684151281652,1707572684151282873,1707572684152167563,1707572683946420666,0,0,1707572683948953837,1707572683950417825,1707572684152431810
167772265,0,1707572683942179014,1707572683943364783,0,0,1707572684008816755,0,0,1707572684051963361,1707572683945069625,0,0,1707572683950695462,1707572683950716821,1707572684051972656,1707572684055052159,1707572684055910357,1707572684055912227,1707572684128612536,1707572684128623213,0,0,1707572684128688576,1707572684128697970,0,0,1707572684128810979,1707572684128887441,1707572684129303159,1707572684129633056,1707572684130249208,1707572684130249901,1707572684130438479,1707572683950720013,0,0,1707572683958038667,1707572683959965555,1707572684130715394
167772266,0,1707572683948943611,1707572683950569263,0,0,1707572684044058276,0,0,1707572684080109470,1707572683951875319,0,0,1707572683957458089,1707572683957484257,1707572684080121143,1707572684083299293,1707572684085257835,1707572684085261208,1707572684152512237,1707572684152522628,0,0,1707572684152589926,1707572684152598094,0,0,1707572684152702509,1707572684152827316,1707572684152992309,1707572684153378274,1707572684154074000,1707572684154074746,1707572684154176019,1707572683957488508,0,0,1707572683958137377,1707572683960040833,1707572684154459140
167772267,0,1707572683947351215,1707572683948314409,0,0,1707572683970879063,0,0,1707572684010686636,1707572683950527672,0,0,1707572683955363496,1707572683955381057,1707572684010703990,1707572684013845703,1707572684016476525,1707572684016485871,1707572684098220279,1707572684098230386,0,0,1707572684098371029,1707572684098381957,0,0,1707572684098516359,1707572684098607343,1707572684098838349,1707572684100140449,1707572684102069488,1707572684102070805,1707572684105466769,1707572683955384368,0,0,1707572683955785952,1707572683957647507,1707572684105764819
167772268,0,1707572683946975492,1707572683948018425,0,0,1707572684005435558,0,0,1707572684041348302,1707572683954369452,0,0,1707572683955497818,1707572683955511748,1707572684041359247,1707572684044475215,1707572684045503372,1707572684045507752,1707572684121370951,1707572684121381193,0,0,1707572684121439224,1707572684121447314,0,0,1707572684121554000,1707572684121682303,1707572684121860402,1707572684122261679,1707572684122971020,1707572684122971659,1707572684123018681,1707572683955514713,0,0,1707572683957460197,1707572683958666517,1707572684123217307
167772269,0,1707572683946789198,1707572683948100206,0,0,1707572683983444426,0,0,1707572684022530528,1707572683951395913,0,0,1707572683954911348,1707572683954934856,1707572684022542260,1707572684025644718,1707572684026593103,1707572684026598582,1707572684109639607,1707572684109648530,0,0,1707572684109719442,1707572684109730355,0,0,1707572684109862567,1707572684110062304,1707572684110190045,1707572684110561763,1707572684111227100,1707572684111227760,1707572684111415835,1707572683954939029,0,0,1707572683956486707,1707572683957645855,1707572684111624523
167772270,0,1707572683953849169,1707572683956920306,0,0,1707572683981079165,0,0,1707572684021355614,1707572683957843115,0,0,1707572683959850131,1707572683959882533,1707572684021376341,1707572684024499443,1707572684026309235,1707572684026313383,1707572684107881459,1707572684107891356,0,0,1707572684108000740,1707572684108011070,0,0,1707572684108131904,1707572684108206388,1707572684108422366,1707572684109681780,1707572684110329811,1707572684110330659,1707572684110475498,1707572683959886078,0,0,1707572683960570766,1707572683961886547,1707572684110778679
167772271,0,1707572683954562703,1707572683956920404,0,0,1707572684009922383,0,0,1707572684054132688,1707572683957812037,0,0,1707572683963103842,1707572683963125990,1707572684054147060,1707572684057292727,1707572684058629113,1707572684058633635,1707572684129675071,1707572684129703784,0,0,1707572684129861580,1707572684129871787,0,0,1707572684130051618,1707572684130239802,1707572684130355769,1707572684130683963,1707572684131349315,1707572684131349993,1707572684131448407,1707572683963129842,0,0,1707572683964208233,1707572683965519735,1707572684131733594
167772272,0,1707572683951288959,1707572683953070419,0,0,1707572683964682620,0,0,1707572684003392152,1707572683954501519,0,0,1707572683957773585,1707572683957793851,1707572684003407802,1707572684006535512,1707572684007726870,1707572684007733591,1707572684089499617,1707572684089514285,0,0,1707572684089676459,1707572684089690578,0,0,1707572684089852150,1707572684089967370,1707572684090261864,1707572684091609915,1707572684092924811,1707572684092926066,1707572684093844997,1707572683957797173,0,0,1707572683958149796,1707572683959421553,1707572684094135306
167772273,0,1707572683950530278,1707572683951564272,0,0,1707572684028982134,0,0,1707572684073349183,1707572683955370721,0,0,1707572683957916285,1707572683957932352,1707572684073361455,1707572684076505910,1707572684078478208,1707572684078481529,1707572684145336119,1707572684145343527,0,0,1707572684145402629,1707572684145411375,0,0,1707572684145515550,1707572684145583027,1707572684145720141,1707572684147279236,1707572684147899909,1707572684147900603,1707572684148134875,1707572683957935416,0,0,1707572683960266062,1707572683961491330,1707572684148417561
167772274,0,1707572683957955262,1707572683959099919,0,0,1707572683983482529,0,0,1707572684025085992,1707572683959791451,0,0,1707572683961369349,1707572683961392241,1707572684025097490,1707572684028253589,1707572684029491090,1707572684029496120,1707572684111724902,1707572684111730102,0,0,1707572684111862482,1707572684111871495,0,0,1707572684111993594,1707572684112105157,1707572684112236744,1707572684112657642,1707572684113272803,1707572684113273455,1707572684113334976,1707572683961395699,0,0,1707572683962760644,1707572683966520635,1707572684113624295
167772275,0,1707572683958006212,1707572683959104786,0,0,1707572684001351245,0,0,1707572684041339104,1707572683961111797,0,0,1707572683961789838,1707572683961810887,1707572684041354491,1707572684044457236,1707572684045503360,1707572684045506864,1707572684120309525,1707572684120318380,0,0,1707572684120467643,1707572684120475445,0,0,1707572684120575534,1707572684120751811,1707572684120896383,1707572684121255876,1707572684122019328,1707572684122020143,1707572684122121161,1707572683961814601,0,0,1707572683963490040,1707572683967730514,1707572684122298839
167772276,0,1707572683967897685,1707572683969882251,0,0,1707572684026255136,0,0,1707572684070294531,1707572683972202791,0,0,1707572683975873062,1707572683975889233,1707572684070307942,1707572684073483054,1707572684074266232,1707572684074267687,1707572684141075503,1707572684141085873,0,0,1707572684141153544,1707572684141162763,0,0,1707572684141274091,1707572684141356577,1707572684141578593,1707572684142298765,1707572684144108363,1707572684144109560,1707572684144980286,1707572683975891797,0,0,1707572683976124281,1707572683977360860,1707572684145179152
167772277,0,1707572683958078870,1707572683959099925,0,0,1707572684007679032,0,0,1707572684049439996,1707572683959811091,0,0,1707572683960342782,1707572683960362560,1707572684049449906,1707572684052535780,1707572684053473167,1707572684053475853,1707572684125601908,1707572684125610309,0,0,1707572684125664209,1707572684125672363,0,0,1707572684125792580,1707572684125974453,1707572684126103155,1707572684127306009,1707572684127944258,1707572684127944855,1707572684128119481,1707572683960365837,0,0,1707572683961513494,1707572683964732556,1707572684128288230
167772278,0,1707572683959007367,1707572683960359646,0,0,1707572684032935852,0,0,1707572684076408592,1707572683961111553,0,0,1707572683961405938,1707572683961422743,1707572684076418023,1707572684079488851,1707572684080810628,1707572684080813327,1707572684147142764,1707572684147151979,0,0,1707572684147211578,1707572684147219794,0,0,1707572684147330919,1707572684147399929,1707572684147617398,1707572684148292574,1707572684149042358,1707572684149042977,1707572684149160586,1707572683961425933,0,0,1707572683961882943,1707572683963706259,1707572684149443229
167772279,0,1707572683968483685,1707572683970794366,0,0,1707572684020294346,0,0,1707572684063501976,1707572683971855829,0,0,1707572683975695867,1707572683975717417,1707572684063514305,1707572684066614290,1707572684068712006,1707572684068715424,1707572684137959641,1707572684137969695,0,0,1707572684138038107,1707572684138047866,0,0,1707572684138172304,1707572684138262753,1707572684138514521,1707572684139242730,1707572684141041446,1707572684141042689,1707572684141893157,1707572683975720653,0,0,1707572683976025339,1707572683977275291,1707572684142069647
167772280,0,1707572683962752311,1707572683964778596,0,0,1707572684015251353,0,0,1707572684059245944,1707572683965509036,0,0,1707572683966193809,1707572683966215175,1707572684059258447,1707572684062356401,1707572684064332992,1707572684064337330,1707572684133363944,1707572684133373531,0,0,1707572684133505911,1707572684133514001,0,0,1707572684133620496,1707572684133798464,1707572684133915401,1707572684134294718,1707572684135000500,1707572684135001208,1707572684135059040,1707572683966219207,0,0,1707572683968016733,1707572683969963253,1707572684135297954
167772281,0,1707572683968230692,1707572683969913084,0,0,1707572683996513664,0,0,1707572684039023022,1707572683970608422,0,0,1707572683974546120,1707572683974585629,1707572684039036547,1707572684042218488,1707572684044330379,1707572684044335430,1707572684119435677,1707572684119443389,0,0,1707572684119568558,1707572684119576999,0,0,1707572684119680142,1707572684119780230,1707572684119892887,1707572684120230996,1707572684120934268,1707572684120934876,1707572684121098851,1707572683974591500,0,0,1707572683976078446,1707572683977362254,1707572684121253678
167772282,0,1707572683968050191,1707572683974333996,0,0,1707572684025031315,0,0,1707572684069235009,1707572683975187522,0,0,1707572683975943545,1707572683975959114,1707572684069243977,1707572684072334524,1707572684074346646,1707572684074349981,1707572684142328918,1707572684142336770,0,0,1707572684142405775,1707572684142415319,0,0,1707572684142534459,1707572684142648926,1707572684142813482,1707572684144194355,1707572684144823667,1707572684144824337,1707572684145025354,1707572683975962290,0,0,1707572683976340287,1707572683977590455,1707572684145213485
167772283,0,1707572683968998252,1707572683970519299,0,0,1707572684052030839,0,0,1707572684083354842,1707572683974303195,0,0,1707572683975981015,1707572683975996193,1707572684083365288,1707572684086457453,1707572684088435177,1707572684088438204,1707572684154316391,1707572684154325140,0,0,1707572684154426972,1707572684154435075,0,0,1707572684154536077,1707572684154669820,1707572684154806807,1707572684155197273,1707572684155940257,1707572684155940945,1707572684156771216,1707572683975999622,0,0,1707572683977429364,1707572683978625211,1707572684157044211
167772284,0,1707572683968857729,1707572683970513885,0,0,1707572684018420409,0,0,1707572684062089873,1707572683975492712,0,0,1707572683976055354,1707572683976068143,1707572684062102889,1707572684065191114,1707572684067014203,1707572684067018545,1707572684136575010,1707572684136585905,0,0,1707572684136759535,1707572684136768901,0,0,1707572684136956433,1707572684137040051,1707572684137267355,1707572684137949248,1707572684138693901,1707572684138694537,1707572684138749758,1707572683976070184,0,0,1707572683976384868,1707572683977940757,1707572684139081337
167772285,0,1707572683978412547,1707572683982480801,0,0,1707572684056965431,0,0,1707572684087396877,1707572683983108209,0,0,1707572683984569599,1707572683984588726,1707572684087408284,1707572684090546686,1707572684091330971,1707572684091332329,1707572684155954783,1707572684155961312,0,0,1707572684156012818,1707572684156020719,0,0,1707572684156125853,1707572684156231950,1707572684156348501,1707572684156673896,1707572684157655678,1707572684157656396,1707572684158458562,1707572683984591238,0,0,1707572683985391240,1707572683995498659,1707572684158645038
167772286,0,1707572683977606602,1707572683978718240,0,0,1707572684048223072,0,0,1707572684082034070,1707572683979792462,0,0,1707572683982224488,1707572683982246007,1707572684082045656,1707572684085157300,1707572684087239242,1707572684087243037,1707572684153430360,1707572684153440155,0,0,1707572684153535755,1707572684153543570,0,0,1707572684153645417,1707572684153746977,1707572684153907198,1707572684154273211,1707572684154941663,1707572684154942406,1707572684155125939,1707572683982249576,0,0,1707572683982522284,1707572683983988196,1707572684155314694
167772287,0,1707572683969827860,1707572683970976279,0,0,1707572684006694539,0,0,1707572684045965796,1707572683971985435,0,0,1707572683975967572,1707572683975982766,1707572684045976490,1707572684049068002,1707572684050028066,1707572684050032149,1707572684124754731,1707572684124762935,0,0,1707572684124900760,1707572684124908481,0,0,1707572684125008824,1707572684125076493,1707572684125214764,1707572684125594329,1707572684127168337,1707572684127169622,1707572684128060018,1707572683975984900,0,0,1707572683976339805,1707572683977509646,1707572684128224598
167772288,0,1707572683978501286,1707572683979379451,0,0,1707572684065837898,0,0,1707572684091153254,1707572683980006402,0,0,1707572683980327747,1707572683980352477,1707572684091163252,1707572684094232616,1707572684095018944,1707572684095021108,1707572684156679373,1707572684156688104,0,0,1707572684156808576,1707572684156816381,0,0,1707572684156916566,1707572684157094564,1707572684157210933,1707572684157676355,1707572684158291610,1707572684158292270,1707572684158490583,1707572683980355993,0,0,1707572683980824235,1707572683983430884,1707572684158677572
167772289,0,1707572683984935331,1707572683986284579,0,0,1707572684054014859,0,0,1707572684084416491,1707572683996373061,0,0,1707572683998003545,1707572683998020184,1707572684084427485,1707572684087511982,1707572684089597363,1707572684089601534,1707572684155205994,1707572684155215293,0,0,1707572684155269525,1707572684155277901,0,0,1707572684155385708,1707572684155453151,1707572684155577024,1707572684155953353,1707572684156569095,1707572684156569795,1707572684156638199,1707572683998023712,0,0,1707572683998698086,1707572683999702445,1707572684156849165
167772290,0,1707572683991213914,1707572683992272332,0,0,1707572684032798904,0,0,1707572684073387541,1707572683994293543,0,0,1707572683995010821,1707572683995032064,1707572684073396948,1707572684076466630,1707572684077256224,1707572684077257812,1707572684144141641,1707572684144153208,0,0,1707572684144210995,1707572684144219278,0,0,1707572684144322947,1707572684144392268,1707572684144612335,1707572684145296158,1707572684147114270,1707572684147115440,1707572684148062164,1707572683995035935,0,0,1707572683995621885,1707572683997150866,1707572684148252447
167772291,0,1707572683982716474,1707572683988895958,0,0,1707572684070445278,0,0,1707572684094283455,1707572683993980108,0,0,1707572683996701657,1707572683996722405,1707572684094292486,1707572684097385774,1707572684099557263,1707572684099560646,1707572684158511773,1707572684158521005,0,0,1707572684158573775,1707572684158581750,0,0,1707572684158682508,1707572684158745997,1707572684158871097,1707572684159332617,1707572684159958283,1707572684159959001,1707572684160194085,1707572683996726202,0,0,1707572683997066439,1707572683999084034,1707572684160468205
167772292,0,1707572683985064454,1707572683986883457,0,0,1707572684013316756,0,0,1707572684058095508,1707572683997412090,0,0,1707572683997815036,1707572683997829263,1707572684058105372,1707572684061279604,1707572684062074218,1707572684062075524,1707572684132265498,1707572684132269439,0,0,1707572684132387644,1707572684132396600,0,0,1707572684132645167,1707572684132820031,1707572684132938751,1707572684133285345,1707572684133936642,1707572684133937348,1707572684134101258,1707572683997831809,0,0,1707572683998232650,1707572683999976902,1707572684134279167
167772293,0,1707572683985839754,1707572683987418018,0,0,1707572684070808884,0,0,1707572684097896981,1707572683993202167,0,0,1707572683997641349,1707572683997658501,1707572684097909240,1707572684101019701,1707572684101758638,1707572684101760123,1707572684159276534,1707572684159282526,0,0,1707572684159338201,1707572684159346085,0,0,1707572684159448001,1707572684159556899,1707572684159707524,1707572684160041709,1707572684160724714,1707572684160725636,1707572684160915029,1707572683997662066,0,0,1707572683998765997,1707572683999722176,1707572684161095885
167772294,0,1707572683990810205,1707572683991914324,0,0,1707572684022407622,0,0,1707572684066929161,1707572683993691804,0,0,1707572683994334208,1707572683994464893,1707572684066941530,1707572684070264104,1707572684071515125,1707572684071520750,1707572684139289457,1707572684139297746,0,0,1707572684139464109,1707572684139474241,0,0,1707572684139608885,1707572684139831851,1707572684139949588,1707572684141127076,1707572684141829459,1707572684141830234,1707572684141952980,1707572683994470912,0,0,1707572683997204251,1707572683998603492,1707572684142242735
167772295,0,1707572683989405111,1707572683990523205,0,0,1707572684016951149,0,0,1707572684061165088,1707572683991161126,0,0,1707572683991603702,1707572683991622263,1707572684061174755,1707572684064279174,1707572684065060967,1707572684065062157,1707572684134328459,1707572684134335626,0,0,1707572684134442118,1707572684134450182,0,0,1707572684134554906,1707572684134617503,1707572684134740071,1707572684135065648,1707572684136541753,1707572684136543085,1707572684137488009,1707572683991624989,0,0,1707572683991871575,1707572683993834912,1707572684137663276
167772296,0,1707572683989686411,1707572683995833452,0,0,1707572684043330883,0,0,1707572684078231111,1707572683996382548,0,0,1707572683997286993,1707572683997304448,1707572684078241755,1707572684081359242,1707572684083084633,1707572684083089317,1707572684151315419,1707572684151332534,0,0,1707572684151389467,1707572684151397374,0,0,1707572684151498482,1707572684151566462,1707572684151783022,1707572684152470439,1707572684153217531,1707572684153218290,1707572684153385121,1707572683997306746,0,0,1707572683997961260,1707572683999382255,1707572684153657021
167772297,0,1707572683992870265,1707572683995578215,0,0,1707572684016992134,0,0,1707572684061210610,1707572683998372206,0,0,1707572683998697734,1707572683998714712,1707572684061223413,1707572684064339443,1707572684066358392,1707572684066362522,1707572684135065933,1707572684135071210,0,0,1707572684135164406,1707572684135172190,0,0,1707572684135275170,1707572684135336311,1707572684135470129,1707572684136702323,1707572684137325126,1707572684137325801,1707572684137519613,1707572683998718180,0,0,1707572683999200686,1707572684000007231,1707572684137699870
167772298,0,1707572683992671493,1707572683994079073,0,0,1707572684088617047,0,0,1707572684101897132,1707572683995996580,0,0,1707572683996379225,1707572683996400265,1707572684101906047,1707572684105028739,1707572684105811076,1707572684105812365,1707572684161005577,1707572684161014129,0,0,1707572684161067287,1707572684161074838,0,0,1707572684161175366,1707572684161235936,1707572684161359978,1707572684161749862,1707572684162519377,1707572684162520008,1707572684162777942,1707572683996403637,0,0,1707572683996803419,1707572683999278394,1707572684163064308
167772299,0,1707572683993924890,1707572683997882223,0,0,1707572684084819854,0,0,1707572684099765939,1707572683998538520,0,0,1707572683998736352,1707572683998754405,1707572684099775493,1707572684102890051,1707572684104839204,1707572684104841847,1707572684160109743,1707572684160119288,0,0,1707572684160238331,1707572684160246090,0,0,1707572684160345911,1707572684160478833,1707572684160615860,1707572684160996680,1707572684161734019,1707572684161734751,1707572684161916039,1707572683998756903,0,0,1707572683999194368,1707572684000176231,1707572684162195645
167772300,0,1707572684002467478,1707572684003285417,0,0,1707572684069635325,0,0,1707572684092998665,1707572684003712339,0,0,1707572684003861174,1707572684003872982,1707572684093010957,1707572684096140145,1707572684096902677,1707572684096904153,1707572684157675296,1707572684157681225,0,0,1707572684157776991,1707572684157784663,0,0,1707572684157886115,1707572684158016822,1707572684158138564,1707572684158503022,1707572684159262670,1707572684159263180,1707572684160142948,1707572684003874750,0,0,1707572684004090094,1707572684005051631,1707572684160305890
